M1,P19,P23,M2,P2,M3,P18,M4,P29,M5,M6,P4,M7,P1,M8,P12,M9,M10,P14,M11,P21,P13,M12,P26,M13,M14,P7,M15,P28,M16,M17,M18,P22,M19,P17,M20,M21,P30,M22,P8,M23,P20,M24,M25,M26,M27,M28,M29,P16,M30,P5,P3,P6,P9,P10,P11,P15,P24,P25,P27
0.00000,0.00000,0.50500,0.12100,0.00000,0.00300,0.00000,0.26000,0.00000,0.35900,0.00000,0.00000,0.20300,0.00000,0.35500,0.00000,0.16500,0.00000,0.00000,0.06600,0.00000,0.24000,0.09700,0.00000,0.25500,0.00000,0.00000,0.00800,0.00000,0.04100,0.00000,0.00000,0.00000,0.07100,0.00000,0.09700,0.00000,0.00000,0.04600,0.00000,0.04500,0.00000,0.06800,0.00000,0.00000,0.00000,0.00000,0.00000,0.00000,0.31000,0.00000,0.34000,0.12200,0.17500,0.00900,0.35500,0.09300,0.15300,0.08300,0.06700,0.08600
0.20202,4.19611,4.51011,14.29285,3.82391,9.52796,3.61958,6.22500,3.15779,2.20471,3.04963,2.64161,11.17762,2.17960,15.09743,2.98422,3.79686,2.96899,0.71450,15.04450,1.79573,13.30724,9.21023,1.66725,2.65804,3.81079,4.45908,8.79708,4.80146,4.96709,1.15509,2.81575,2.90300,2.09791,2.21244,5.77704,2.48155,3.55262,8.66737,0.75036,6.82793,3.97074,4.63067,0.54333,1.05221,0.92644,3.05310,2.48805,0.64661,5.28897,2.03512,10.95261,8.59027,10.44782,6.70279,2.64433,5.78210,15.94802,1.64660,2.60049,6.68441
0.40404,4.78018,30.25632,36.16077,8.60055,43.72020,8.63041,36.58754,3.90745,7.62372,3.78213,3.02855,31.52464,2.34992,41.77179,7.96490,23.60685,7.70638,0.82216,46.00719,2.07114,34.91339,43.47011,5.36251,8.67837,8.33302,6.21039,20.95911,5.59762,31.32622,1.09932,7.55429,7.70062,6.83578,7.08089,34.67208,7.76287,4.23363,21.05886,1.02634,37.90351,3.98112,33.18180,0.83289,1.65740,1.17222,8.08071,6.95974,1.21030,10.77903,2.10981,30.42918,44.05452,25.83990,36.10857,6.95355,16.93271,43.79690,5.55263,10.48558,36.45079
0.60606,4.50608,79.52977,53.51287,12.66499,98.11789,13.08357,90.69229,3.97185,15.54729,3.84883,3.11712,52.18172,2.30680,67.18012,12.65167,63.71452,11.95091,0.82570,81.74751,1.97458,56.44235,97.51678,9.11091,14.32852,12.07712,6.90660,31.89970,5.28740,79.20687,1.02751,11.77655,12.01994,11.59923,11.64762,85.28649,12.96607,4.36590,32.82407,1.09254,93.71509,3.45288,88.15781,0.97224,1.70818,1.14595,12.71458,11.24718,1.61538,15.05129,1.99354,49.85236,104.98191,40.63291,86.80841,11.09549,27.32478,67.81513,10.15537,18.74356,87.65580
0.80808,4.09717,146.47222,65.94418,16.02121,165.83445,16.94590,163.07352,3.83879,25.14951,3.71869,3.11460,70.90230,2.21210,89.08754,16.82031,120.78021,15.53647,0.80920,117.84833,1.81237,76.06837,164.86561,12.41846,18.96948,15.11533,7.13465,41.13727,4.77928,143.75345,0.96472,15.35118,15.73811,15.74017,15.63880,151.31991,17.83775,4.31698,43.45851,1.09415,168.87398,2.94348,164.88297,1.05070,1.62252,1.07612,16.81478,15.11050,1.93185,18.30504,1.84877,67.05247,186.36679,53.94329,152.28703,14.80570,36.01651,85.69176,14.82704,25.64569,153.84893
1.01010,3.69536,225.62892,74.34537,18.77809,241.38098,20.28137,248.74981,3.64073,35.93998,3.51916,3.07439,87.14898,2.10478,107.40001,20.49405,190.55524,18.53533,0.78855,152.34960,1.64740,93.29872,240.36836,15.23459,22.61456,17.56778,7.13140,48.70927,4.26320,220.22648,0.91135,18.34579,18.90917,19.13305,19.08474,227.31552,22.36056,4.19538,52.95225,1.06991,258.28275,2.51713,258.74375,1.09706,1.50577,1.00148,20.41811,18.53219,2.19352,20.74672,1.71127,81.54647,283.71377,65.59949,226.95360,18.06453,42.99684,97.91992,19.30596,30.97370,229.61081
1.21212,3.33800,312.54153,79.64136,21.03877,320.62422,23.15775,343.57316,3.42552,47.59462,3.29696,3.01739,100.89947,1.99868,122.48566,23.72272,269.18823,21.03582,0.76838,184.37511,1.49708,108.09147,320.10333,17.59738,25.39420,19.54271,7.01152,54.78398,3.79082,304.58822,0.86627,20.84521,21.60474,21.80522,22.04828,308.97035,26.54839,4.04585,61.41516,1.03470,357.64726,2.17406,365.70626,1.12430,1.38974,0.93211,23.57793,21.54077,2.41766,22.54805,1.59072,93.35630,393.19308,75.64243,306.47937,20.90547,48.45800,105.49684,23.47198,34.88082,310.72212
1.41414,3.03345,403.68509,82.61343,22.89117,400.53181,25.63669,444.17586,3.21331,59.88263,3.07247,2.95357,112.31730,1.89935,134.81157,26.55698,353.45508,23.11805,0.75019,213.59273,1.36585,120.58801,401.14887,19.56440,27.45516,21.13083,6.83634,59.56133,3.37537,393.54722,0.82830,22.92778,23.89264,23.83531,24.59259,392.99711,30.42169,3.88978,68.98387,0.99539,463.44422,1.90244,482.33213,1.13943,1.28483,0.87076,26.34622,24.17610,2.61430,23.84822,1.48881,102.68381,511.58445,84.19157,387.61972,23.37484,52.63186,109.42631,27.27374,37.60663,393.98268
1.61616,2.78014,496.32763,83.88415,24.40843,478.93615,27.77239,547.86335,3.01300,72.63166,2.85531,2.88817,121.63304,1.80893,144.83496,29.04361,440.75131,24.85085,0.73438,239.96048,1.25368,131.00473,481.37522,21.19392,28.93365,22.40650,6.64043,63.23856,3.01704,484.48780,0.79634,24.66145,25.83293,25.31617,26.77504,476.94254,34.00206,3.73799,75.79155,0.95548,572.82312,1.68910,605.72383,1.14664,1.19383,0.81773,28.77033,26.47938,2.78985,24.75907,1.40441,109.79382,636.19930,91.39461,468.00352,25.51964,55.74096,110.58941,30.69702,39.39081,477.01648
1.81818,2.57306,588.39148,83.93665,25.65089,554.33892,29.61203,652.50712,2.82833,85.70887,2.65011,2.82414,129.09403,1.72797,152.96740,31.22454,529.02184,26.29233,0.72089,263.59268,1.15893,139.58245,559.27073,22.53906,29.94794,23.43019,6.44360,65.99697,2.71134,575.37462,0.76946,26.10389,27.47763,26.33950,28.64612,559.02123,37.31059,3.59597,81.95776,0.91677,683.50552,1.52227,733.45936,1.14859,1.11660,0.77248,30.89246,28.48959,2.94865,25.36997,1.33548,114.96453,764.80615,97.40511,545.94793,27.38332,57.98305,109.71784,33.74845,40.44548,558.10205
2.02020,2.40630,678.33079,83.13984,26.66819,625.75356,31.19646,756.44864,2.66050,99.00960,2.45893,2.76312,134.94155,1.65624,159.56544,33.13698,616.67781,27.49117,0.70952,284.68465,1.07948,146.56119,633.80115,23.64625,30.59751,24.25084,6.25711,67.99736,2.45227,664.65804,0.74685,27.30361,28.87132,26.98938,30.24973,637.97495,40.36731,3.46630,87.58587,0.88023,793.69370,1.39214,863.52928,1.14704,1.05190,0.73415,32.74990,30.24235,3.09383,25.75200,1.27982,118.46506,895.56398,102.37185,620.30496,29.00452,59.52763,107.40090,36.44634,40.94836,636.03171
2.22222,2.27397,765.02790,81.77204,27.50105,692.58080,32.56098,858.41692,2.50936,112.45007,2.28242,2.70602,139.40058,1.59316,164.93151,34.81376,702.51687,28.48808,0.70001,303.46923,1.01317,152.16776,704.29765,24.55521,30.96450,24.90799,6.08706,69.37938,2.23366,751.18851,0.72785,28.30122,30.05207,27.33990,31.62381,712.95715,43.19102,3.34992,92.76355,0.84630,901.99111,1.29078,994.27968,1.14318,0.99812,0.70185,34.37547,31.76962,3.22767,25.96146,1.23535,120.54536,1026.96419,106.43388,690.33781,30.41696,60.51707,104.10337,38.81524,41.04385,709.99744
2.42424,2.17071,847.70673,80.04078,28.18287,754.51030,33.73603,957.45825,2.37411,125.96243,2.12047,2.65330,142.67539,1.53799,169.31856,36.28378,785.65253,29.31699,0.69209,320.19056,0.95798,156.60968,770.36798,25.29953,31.11581,25.43352,5.93634,70.26247,2.04972,834.14211,0.71188,29.13065,31.05225,27.45472,32.80104,783.43902,45.79922,3.24682,97.56430,0.81516,1007.33390,1.21188,1124.36154,1.13784,0.95363,0.67472,35.79800,33.09980,3.35190,26.04270,1.20023,121.43193,1157.78022,109.71817,755.62163,31.64971,61.06940,100.18527,40.88259,40.84671,779.49870
2.62626,2.09175,925.86125,78.09896,28.74102,811.44393,34.74790,1052.87736,2.25360,139.49113,1.97254,2.60513,144.94837,1.48990,172.93610,37.57246,865.45339,30.00616,0.68551,335.08880,0.91216,160.07291,831.82678,25.90743,31.10542,25.85314,5.80591,70.74763,1.89525,912.95715,0.69846,29.82017,31.89940,27.38752,33.80950,849.13426,48.20822,3.15644,102.04940,0.78679,1108.93268,1.15046,1252.68640,1.13158,0.91695,0.65197,37.04279,34.25793,3.46788,26.03046,1.17287,121.32674,1287.02439,112.33900,815.96509,32.72770,61.28149,95.92075,42.67657,40.44668,844.26892
2.82828,2.03298,999.19663,76.05776,29.19791,863.43587,35.61921,1144.18796,2.14656,152.99035,1.83785,2.56150,146.38048,1.44810,175.95627,38.70212,941.49195,30.57912,0.68005,348.39121,0.87415,162.72157,888.64073,26.40249,30.97645,26.18757,5.69547,70.91948,1.76570,987.28057,0.68718,30.39335,32.61687,27.18292,34.67331,909.93851,50.43311,3.07794,106.26980,0.76109,1206.22295,1.10264,1378.38748,1.12482,0.88675,0.63293,38.13199,35.26604,3.57665,25.95180,1.15195,120.40780,1413.91059,114.39810,871.34820,33.67224,61.23231,91.51476,44.22489,39.91290,904.21665
3.03030,1.99086,1067.58121,73.99661,29.57193,910.64655,36.36947,1231.07163,2.05171,166.42203,1.71552,2.52232,147.11250,1.41184,178.51950,39.69234,1013.50213,31.05546,0.67554,360.30739,0.84265,164.69876,940.88614,26.80437,30.76307,26.45351,5.60404,70.84835,1.65715,1056.92356,0.67770,30.86978,33.22448,26.87758,35.41320,965.88166,52.48789,3.01034,110.26788,0.73792,1298.82331,1.06538,1500.78611,1.11782,0.86193,0.61700,39.08501,36.14343,3.67903,25.82765,1.13639,118.83054,1537.82246,115.98523,921.87389,34.50152,60.98577,87.11726,45.55393,39.29782,959.37928
3.23232,1.96241,1131.00831,71.97094,29.87809,953.30824,37.01549,1313.34429,1.96779,179.75437,1.60463,2.48739,147.26680,1.38041,180.73948,40.56031,1081.34487,31.45147,0.67181,371.02738,0.81655,166.12805,988.71683,27.12940,30.49211,26.66439,5.53021,70.59217,1.56624,1121.82533,0.66974,31.26580,33.73903,26.50125,36.04690,1017.09097,54.38550,2.95258,114.07891,0.71709,1386.50079,1.03632,1619.36282,1.11078,0.84151,0.60369,39.91888,36.90699,3.77569,25.67402,1.12528,116.72972,1658.28649,117.17910,967.73125,35.23106,60.59332,82.83487,46.68839,38.64066,1009.88737
3.43434,1.94508,1189.56425,70.01823,30.12872,991.69768,37.57176,1390.92763,1.89364,192.96061,1.50424,2.45648,146.94904,1.35318,182.70752,41.32111,1144.97921,31.78068,0.66873,380.72079,0.79493,167.11521,1032.33846,27.39115,30.18443,26.83105,5.47234,70.19831,1.49013,1182.02265,0.66305,31.59496,34.17476,26.07779,36.58963,1063.76102,56.13793,2.90361,117.73234,0.69840,1469.14106,1.01363,1733.73200,1.10384,0.82472,0.59257,40.64846,37.57147,3.86716,25.50306,1.11790,114.22126,1774.94849,118.04827,1009.16589,35.87411,60.09610,78.74060,47.65101,37.97014,1055.93572
3.63636,1.93673,1243.40333,68.16268,30.33388,1026.11632,38.05072,1463.82603,1.82817,206.01817,1.41347,2.42936,146.24998,1.32958,184.49628,41.98796,1204.43919,32.05438,0.66618,389.53733,0.77701,167.74997,1071.98940,27.60090,29.85608,26.96222,5.42876,69.70518,1.42642,1237.62536,0.65743,31.86855,34.54374,25.62610,37.05446,1106.13110,57.75625,2.86243,121.25287,0.68167,1546.72392,0.99587,1843.62029,1.09707,0.81090,0.58328,41.28679,38.14974,3.95386,25.32385,1.11364,111.40427,1887.55389,118.65211,1046.45814,36.44199,59.52680,74.88164,48.46251,37.30687,1097.76147
3.83838,1.93557,1292.72784,66.41866,30.50182,1056.87567,38.46313,1532.10762,1.77039,218.90785,1.33145,2.40576,145.24724,1.30911,186.16293,42.57246,1259.81519,32.28191,0.66407,397.60784,0.76215,168.10786,1107.92657,27.76798,29.51923,27.06494,5.39776,69.14363,1.37307,1288.79668,0.65271,32.09596,34.85619,25.16096,37.45254,1144.46779,59.25070,2.82808,124.66132,0.66669,1619.30288,0.98195,1948.84791,1.09053,0.79951,0.57551,41.84528,38.65303,4.03616,25.14308,1.11202,108.36294,1995.93086,119.04180,1079.90656,36.94440,58.91122,71.28558,49.14162,36.66514,1135.62750
4.04040,1.94007,1337.77208,64.79341,30.63931,1084.28655,38.81823,1595.88866,1.71942,231.61332,1.25740,2.38543,144.00687,1.29132,187.75183,43.08477,1311.23883,32.47108,0.66232,405.04567,0.74983,168.25192,1140.41453,27.90011,29.18295,27.14488,5.37774,68.53821,1.32839,1335.73718,0.64874,32.28498,35.12077,24.69374,37.79346,1179.05162,60.63074,2.79967,127.97535,0.65330,1686.98811,0.97102,2049.31268,1.08426,0.79011,0.56902,42.33392,39.09111,4.11435,24.96556,1.11266,105.16829,2099.97594,119.26122,1109.81559,37.38965,58.26952,67.96541,49.70512,36.05447,1169.80953
4.24242,1.94898,1378.79001,63.28910,30.75187,1108.65163,39.12399,1655.32092,1.67445,244.12062,1.19057,2.36811,142.58480,1.27582,189.29678,43.53380,1358.87097,32.62835,0.66087,411.94821,0.73960,168.23429,1169.71773,28.00370,28.85388,27.20661,5.36717,67.90822,1.29096,1378.67213,0.64541,32.44210,35.34481,24.23299,38.08543,1210.16717,61.90512,2.77639,131.21000,0.64133,1749.93253,0.96240,2144.97630,1.07827,0.78233,0.56359,42.76143,39.47250,4.18866,24.79462,1.11523,101.87979,2199.64187,119.34776,1136.48670,37.78489,57.61735,64.92341,50.16801,35.48074,1200.58668
4.44444,1.96124,1416.04557,61.90430,30.84401,1130.26039,39.38726,1710.58151,1.63478,256.41784,1.13028,2.35355,141.02818,1.26226,190.82293,43.92737,1402.89223,32.75910,0.65967,418.39848,0.73109,168.09769,1196.09492,28.08404,28.53671,27.25382,5.36466,67.26862,1.25959,1417.84155,0.64261,32.57271,35.53452,23.78502,38.33548,1238.09587,63.08191,2.75751,134.37823,0.63061,1808.32030,0.95559,2235.85270,1.07258,0.77588,0.55905,43.13546,39.80461,4.25931,24.63251,1.11948,98.54687,2294.92729,119.33312,1160.21213,38.13628,56.96667,62.15418,50.54361,34.94716,1228.23459
4.64646,1.97596,1449.80530,60.63515,30.91945,1149.38572,39.61394,1761.86456,1.59976,268.49478,1.07590,2.34153,139.37653,1.25037,192.34835,44.27232,1443.49535,32.86781,0.65867,424.46671,0.72401,167.87673,1219.79515,28.14552,28.23464,27.28946,5.36891,66.63083,1.23328,1453.49235,0.64026,32.68127,35.69517,23.35429,38.54961,1263.11067,64.16858,2.74235,137.49124,0.62103,1862.35735,0.95019,2321.99796,1.06716,0.77052,0.55525,43.46270,40.09389,4.32648,24.48061,1.12521,95.21022,2385.86798,119.24401,1181.27057,38.44913,56.32650,59.64705,50.84367,34.45495,1253.02037
4.84848,1.99241,1480.33245,59.47624,30.98121,1166.28189,39.80913,1809.37441,1.56885,280.34275,1.02686,2.33180,137.66281,1.23988,193.88547,44.57466,1480.87913,32.95820,0.65785,430.21185,0.71812,167.59915,1241.05506,28.19174,27.94969,27.31595,5.37880,66.00339,1.21120,1485.87203,0.63828,32.77153,35.83120,22.94383,38.73300,1285.47232,65.17202,2.73033,140.55878,0.61244,1912.26360,0.94589,2403.50166,1.06202,0.76605,0.55206,43.74900,40.34595,4.39033,24.33965,1.13223,91.90301,2472.52924,119.10278,1199.92416,38.72804,55.70351,57.38795,51.07858,34.00393,1275.19900
5.05051,2.01001,1507.88319,58.42119,31.03178,1181.18381,39.97719,1853.32060,1.54154,291.95439,0.98263,2.32417,135.91434,1.23058,195.44210,44.83966,1515.24401,33.03337,0.65716,435.68300,0.71320,167.28680,1260.09740,28.22568,27.68301,27.33520,5.39328,65.39251,1.19265,1515.22440,0.63662,32.84656,35.94640,22.55552,38.89006,1305.42717,66.09859,2.72093,143.58942,0.60474,1958.26694,0.94245,2480.47979,1.05715,0.76231,0.54939,43.99949,40.56568,4.45100,24.20990,1.14040,88.65193,2554.99988,118.92797,1216.41723,38.97701,55.10251,55.36068,51.25745,33.59295,1295.01130
5.25253,2.02825,1532.70377,57.46308,31.07320,1194.30704,40.12190,1893.91395,1.51740,303.32351,0.94275,2.31843,134.15354,1.22229,197.02243,45.07192,1546.78880,33.09587,0.65658,440.92070,0.70909,166.95665,1277.13031,28.24980,27.43506,27.34876,5.41146,64.80253,1.17706,1541.78634,0.63523,32.90894,36.04395,22.19032,39.02457,1323.20596,66.95420,2.71367,146.59070,0.59783,2000.59857,0.93969,2553.06884,1.05253,0.75918,0.54715,44.21864,40.75731,4.50863,24.09129,1.14961,85.47811,2633.38705,118.73483,1230.97565,39.19952,54.52678,53.54795,51.38827,33.22019,1312.68283
5.45455,2.04674,1555.02855,56.59480,31.10711,1205.84806,40.24651,1931.36331,1.49604,314.44499,0.90677,2.31440,132.39872,1.21485,198.62779,45.27550,1575.70797,33.14785,0.65610,445.95815,0.70566,166.62155,1292.34697,28.26611,27.20577,27.35788,5.43255,64.23631,1.16394,1565.78536,0.63406,32.96081,36.12657,21.84852,39.13976,1339.02314,67.74425,2.70816,149.56929,0.59161,2039.48906,0.93745,2621.42062,1.04814,0.75655,0.54526,44.41039,40.92454,4.56333,23.98347,1.15975,82.39794,2707.81187,118.53576,1243.80680,39.39858,53.97846,51.93210,51.47802,32.88339,1328.42317
5.65657,2.06516,1575.07846,55.80928,31.13488,1215.98496,40.35381,1965.87299,1.47714,325.31466,0.87432,2.31189,130.66461,1.20812,200.25735,45.45393,1602.18961,33.19108,0.65570,450.82227,0.70277,166.29096,1305.92554,28.27627,26.99474,27.36356,5.45587,63.69556,1.15289,1587.43777,0.63308,33.00394,36.19652,21.52989,39.23842,1353.07655,68.47378,2.70405,152.53110,0.58600,2075.16520,0.93563,2685.69782,1.04398,0.75433,0.54367,44.57814,41.07056,4.61524,23.88597,1.17073,79.42381,2778.40560,118.34072,1255.09977,39.57686,53.45875,50.49569,51.53278,32.58008,1342.42572
5.85859,2.08327,1593.06037,55.09966,31.15762,1224.87832,40.44620,1997.64100,1.46038,335.92924,0.84504,2.31075,128.96297,1.20201,201.90867,45.61032,1626.41402,33.22703,0.65536,455.53466,0.70036,165.97158,1318.02956,28.28162,26.80130,27.36659,5.48083,63.18108,1.14357,1606.94761,0.63225,33.03981,36.25577,21.23383,39.32292,1365.54765,69.14741,2.70103,155.48140,0.58093,2107.84771,0.93415,2746.07041,1.04003,0.75244,0.54234,44.72492,41.19816,4.66445,23.79817,1.18247,76.56471,2845.30661,118.15754,1265.02605,39.73666,52.96817,49.22194,51.55784,32.30769,1354.86795
6.06061,2.10088,1609.16683,54.45941,31.17625,1232.67243,40.52576,2026.85774,1.44551,346.28625,0.81862,2.31082,127.30300,1.19641,203.57814,45.74740,1648.55286,33.25694,0.65508,460.11248,0.69832,165.66791,1328.80859,28.28325,26.62459,27.36761,5.50693,62.69303,1.13571,1624.50612,0.63156,33.06963,36.30595,20.95945,39.39528,1376.60222,69.76943,2.69886,158.42485,0.57634,2137.74959,0.93293,2802.71272,1.03627,0.75084,0.54121,44.85334,41.30977,4.71107,23.71941,1.19490,73.82680,2908.65786,117.99228,1273.74058,39.88003,52.50666,48.09488,51.55780,32.06364,1365.91201
6.26263,2.11784,1623.57622,53.88231,31.19151,1239.49655,40.59426,2053.70520,1.43231,356.38394,0.79477,2.31197,125.69176,1.19124,205.26137,45.86754,1668.76866,33.28181,0.65484,464.56920,0.69661,165.38262,1338.39896,28.28208,26.46365,27.36712,5.53375,62.23105,1.12906,1640.29162,0.63098,33.09444,36.34844,20.70570,39.45726,1386.39107,70.34379,2.69731,161.36557,0.57217,2165.07495,0.93191,2855.80099,1.03268,0.74948,0.54026,44.96569,41.40748,4.75522,23.64901,1.20796,71.21387,2968.60489,117.84946,1281.38281,40.00875,52.07380,47.09957,51.53662,31.84544,1375.70550
6.46465,2.13404,1636.45304,53.36260,31.20401,1245.46608,40.65325,2078.35636,1.42057,366.22130,0.77322,2.31406,124.13452,1.18645,206.95345,45.97285,1687.21444,33.30251,0.65464,468.91522,0.69516,165.11701,1346.92454,28.27880,26.31748,27.36554,5.56094,61.79442,1.12344,1654.46950,0.63049,33.11507,36.38443,20.47140,39.51035,1395.05089,70.87413,2.69621,164.30719,0.56837,2190.01818,0.93107,2905.51137,1.02926,0.74831,0.53945,45.06400,41.49311,4.79699,23.58626,1.22158,68.72774,3025.29406,117.73231,1288.07782,40.12442,51.66883,46.22211,51.49775,31.65068,1384.38227
6.66667,2.14943,1647.94832,52.89489,31.21425,1250.68373,40.70405,2100.97479,1.41011,375.79792,0.75376,2.31697,122.63502,1.18199,208.64923,46.06515,1704.03369,33.31973,0.65447,473.15849,0.69394,164.87131,1354.49752,28.27402,26.18503,27.36317,5.58821,61.38217,1.11868,1667.19251,0.63008,33.13223,36.41491,20.25530,39.55582,1402.70518,71.36384,2.69540,167.25286,0.56491,2212.76335,0.93036,2952.01827,1.02600,0.74731,0.53877,45.15001,41.56826,4.83649,23.53049,1.23570,66.36864,3078.87115,117.64299,1293.93740,40.22842,51.29078,45.44974,51.44416,31.47708,1392.06335
6.86869,2.16395,1658.20030,52.47423,31.22264,1255.24073,40.74780,2121.71463,1.40079,385.11403,0.73616,2.32060,121.19576,1.17780,210.34352,46.14605,1719.36039,33.33406,0.65433,477.30493,0.69290,164.64494,1361.21935,28.26817,26.06526,27.36026,5.61533,60.99317,1.11464,1678.60117,0.62973,33.14651,36.44073,20.05617,39.59476,1409.46516,71.81602,2.69476,170.20529,0.56174,2233.48405,0.92976,2995.49304,1.02287,0.74644,0.53819,45.22526,41.63429,4.87382,23.48104,1.25026,64.13547,3129.48026,117.58272,1299.06123,40.32198,50.93855,44.77084,51.37839,31.32255,1398.85781
7.07071,2.17758,1667.33510,52.09608,31.22952,1259.21791,40.78547,2140.72057,1.39246,394.17040,0.72025,2.32484,119.81820,1.17385,212.03120,46.21696,1733.31926,33.34599,0.65421,481.35892,0.69203,164.43673,1367.18149,28.26164,25.95715,27.35701,5.64210,60.62620,1.11121,1688.82434,0.62944,33.15839,36.46259,19.87274,39.62812,1415.43080,72.23354,2.69419,173.16675,0.55882,2252.34327,0.92925,3036.10296,1.01988,0.74569,0.53770,45.29111,41.69240,4.90906,23.43730,1.26520,62.02611,3177.26290,117.55201,1303.53797,40.40622,50.61091,44.17483,51.30263,31.18513,1404.86377
7.27273,2.19033,1675.46749,51.75628,31.23515,1262.68677,40.81791,2158.12807,1.38501,402.96833,0.70585,2.32961,118.50296,1.17012,213.70737,46.27912,1746.02607,33.35591,0.65411,485.32357,0.69128,164.24512,1372.46629,28.25471,25.85973,27.35357,5.66839,60.28000,1.10829,1697.97983,0.62920,33.16827,36.48112,19.70381,39.65669,1420.69174,72.61907,2.69362,176.13910,0.55614,2269.49355,0.92881,3074.01048,1.01700,0.74504,0.53728,45.34872,41.74363,4.94233,23.39869,1.28046,60.03759,3222.35736,117.55073,1307.44629,40.48208,50.30661,43.65217,51.21878,31.06303,1410.16927
7.47475,2.20220,1682.70163,51.45105,31.23977,1265.71041,40.84584,2174.06357,1.37834,411.50959,0.69282,2.33480,117.24995,1.16658,215.36738,46.33360,1757.58802,33.36418,0.65402,489.20104,0.69064,164.06830,1377.14777,28.24761,25.77207,27.35005,5.69408,59.95330,1.10581,1706.17506,0.62900,33.17649,36.49680,19.54821,39.68116,1425.32817,72.97505,2.69298,179.12379,0.55366,2285.07718,0.92843,3109.37261,1.01424,0.74448,0.53692,45.39913,41.78886,4.97370,23.36467,1.29599,58.16630,3264.89810,117.57827,1310.85588,40.55045,50.02433,43.19431,51.12843,30.95463,1414.85317
7.67677,2.21321,1689.13183,51.17693,31.24356,1268.34445,40.86990,2188.64486,1.37236,419.79640,0.68101,2.34035,116.05851,1.16320,217.00696,46.38135,1768.10412,33.37105,0.65395,492.99280,0.69010,163.90429,1381.29230,28.24049,25.69330,27.34653,5.71908,59.64484,1.10369,1713.50771,0.62883,33.18333,36.51009,19.40483,39.70212,1429.41170,73.30374,2.69222,182.12191,0.55137,2299.22654,0.92810,3142.34048,1.01158,0.74399,0.53662,45.44323,41.82889,5.00327,23.33474,1.31171,56.40815,3305.01543,117.63361,1313.82831,40.61208,49.76279,42.79355,51.03296,30.85843,1418.98596
7.87879,2.22340,1694.84331,50.93081,31.24666,1270.63793,40.89062,2201.98128,1.36698,427.83140,0.67030,2.34620,114.92760,1.15999,218.62222,46.42320,1777.66556,33.37678,0.65388,496.69986,0.68964,163.75115,1384.95939,28.23350,25.62260,27.34308,5.74334,59.35344,1.10188,1720.06638,0.62868,33.18902,36.52134,19.27263,39.72007,1433.00624,73.60724,2.69131,185.13412,0.54924,2312.06428,0.92781,3173.05879,1.00902,0.74356,0.53636,45.48182,41.86438,5.03113,23.30845,1.32759,54.75874,3342.83491,117.71545,1316.41801,40.66768,49.52072,42.44307,50.93354,30.77312,1422.63061
8.08081,2.23279,1699.91295,50.70988,31.24920,1272.63389,40.90846,2214.17435,1.36213,435.61758,0.66059,2.35226,113.85577,1.15691,220.20966,46.45989,1786.35629,33.38155,0.65383,500.32285,0.68924,163.60690,1388.20228,28.22672,25.55921,27.33974,5.76680,59.07797,1.10034,1725.93132,0.62856,33.19376,36.53087,19.15066,39.73545,1436.16864,73.88748,2.69023,188.16076,0.54726,2323.70407,0.92756,3201.66604,1.00655,0.74318,0.53613,45.51559,41.89592,5.05736,23.28540,1.34355,53.21340,3378.47760,117.82223,1318.67290,40.71784,49.29687,42.13678,50.83117,30.69748,1425.84322
8.28283,2.24144,1704.40997,50.51157,31.25129,1274.37015,40.92383,2225.31805,1.35776,443.15830,0.65178,2.35850,112.84133,1.15396,221.76620,46.49205,1794.25343,33.38552,0.65378,503.86217,0.68890,163.46968,1391.06855,28.22023,25.50243,27.33655,5.78946,58.81735,1.09901,1731.17506,0.62846,33.19771,36.53895,19.03800,39.74862,1438.94948,74.14624,2.68897,191.20181,0.54540,2334.25082,0.92733,3228.29420,1.00417,0.74284,0.53594,45.54514,41.92403,5.08204,23.26521,1.35955,51.76732,3412.05965,117.95225,1320.63517,40.76312,49.09005,41.86929,50.72670,30.63044,1428.67372
8.48485,2.24937,1708.39665,50.33359,31.25300,1275.87992,40.93707,2235.49928,1.35381,450.45718,0.64377,2.36485,111.88239,1.15114,223.28917,46.52024,1801.42771,33.38884,0.65374,507.31811,0.68860,163.33774,1393.60070,28.21408,25.45162,27.33353,5.81129,58.57059,1.09787,1735.86309,0.62838,33.20100,36.54579,18.93384,39.75991,1441.39369,74.38516,2.68751,194.25688,0.54367,2343.80130,0.92713,3253.06874,1.00186,0.74255,0.53578,45.57100,41.94913,5.10527,23.24756,1.37552,50.41564,3443.69233,118.10368,1322.34195,40.80400,48.89909,41.63581,50.62084,30.57104,1431.16658
8.68687,2.25664,1711.92885,50.17385,31.25441,1277.19219,40.94847,2244.79835,1.35024,457.51817,0.63649,2.37127,110.97689,1.14844,224.77626,46.54495,1807.94397,33.39160,0.65371,510.69088,0.68835,163.20944,1395.83659,28.20827,25.40618,27.33068,5.83230,58.33674,1.09690,1740.05436,0.62831,33.20373,36.55159,18.83741,39.76958,1443.54108,74.60577,2.68586,197.32531,0.54204,2352.44464,0.92695,3276.10888,0.99963,0.74229,0.53563,45.59362,41.97162,5.12711,23.23214,1.39141,49.15345,3473.48219,118.27461,1323.82573,40.84093,48.72290,41.43211,50.51419,30.51841,1433.36120
8.88889,2.26328,1715.05668,50.03050,31.25556,1278.33236,40.95829,2253.28931,1.34700,464.34542,0.62987,2.37772,110.12268,1.14584,226.22556,46.56661,1813.86152,33.39390,0.65368,513.98069,0.68813,163.08332,1397.80994,28.20284,25.36558,27.32802,5.85250,58.11495,1.09606,1743.80193,0.62825,33.20602,36.55651,18.74802,39.77787,1445.42691,74.80947,2.68402,200.40611,0.54052,2360.26267,0.92679,3297.52745,0.99747,0.74206,0.53551,45.61342,41.99182,5.14763,23.21868,1.40718,47.97591,3501.53084,118.46309,1325.11505,40.87430,48.56043,41.25447,50.40727,30.47177,1435.29255
9.09091,2.26935,1717.82501,49.90185,31.25651,1279.32269,40.96675,2261.04038,1.34405,470.94332,0.62384,2.38416,109.31756,1.14335,227.63551,46.58560,1819.23456,33.39582,0.65366,517.18783,0.68795,162.95809,1399.55081,28.19779,25.32931,27.32554,5.87189,57.90443,1.09534,1747.15344,0.62820,33.20791,36.56067,18.66502,39.78497,1447.08242,74.99756,2.68199,203.49803,0.53908,2367.33050,0.92665,3317.43108,0.99537,0.74186,0.53541,45.63075,42.01002,5.16691,23.20695,1.42276,46.87826,3527.93514,118.66721,1326.23490,40.90445,48.41070,41.09961,50.30050,30.43046,1436.99167
9.29293,2.27487,1720.27391,49.78639,31.25729,1280.18256,40.97404,2268.11431,1.34137,477.31643,0.61834,2.39057,108.55931,1.14096,229.00489,46.60225,1824.11256,33.39743,0.65364,520.31263,0.68778,162.83263,1401.08588,28.19310,25.29695,27.32325,5.89050,57.70444,1.09471,1750.15160,0.62816,33.20950,36.56419,18.58785,39.79105,1448.53520,75.17123,2.67979,206.59959,0.53772,2373.71690,0.92652,3335.92039,0.99334,0.74168,0.53531,45.64591,42.02647,5.18503,23.19674,1.43813,45.85585,3552.78726,118.88504,1327.20714,40.93171,48.27276,40.96465,50.19424,30.39385,1438.48598
9.49495,2.27990,1722.43922,49.68276,31.25793,1280.92892,40.98031,2274.56881,1.33892,483.46949,0.61333,2.39691,107.84568,1.13866,230.33281,46.61684,1828.54067,33.39876,0.65362,523.35556,0.68764,162.70599,1402.43888,28.18878,25.26807,27.32112,5.90834,57.51433,1.09417,1752.83470,0.62812,33.21081,36.56718,18.51598,39.79626,1449.80963,75.33158,2.67743,209.70904,0.53644,2379.48480,0.92640,3353.09015,0.99137,0.74152,0.53524,45.65918,42.04137,5.20203,23.18785,1.45323,44.90419,3576.17479,119.11473,1328.05089,40.95636,48.14576,40.84707,50.08879,30.36141,1439.79979
9.69697,2.28448,1724.35291,49.58975,31.25845,1281.57660,40.98572,2280.45689,1.33668,489.40735,0.60875,2.40317,107.17449,1.13646,231.61863,46.62963,1832.56003,33.39988,0.65360,526.31718,0.68752,162.57740,1403.63092,28.18481,25.24232,27.31917,5.92545,57.33349,1.09371,1755.23698,0.62809,33.21191,36.56971,18.44894,39.80072,1450.92727,75.47964,2.67491,212.82447,0.53522,2384.69171,0.92630,3369.02951,0.98946,0.74138,0.53517,45.67080,42.05493,5.21799,23.18013,1.46803,44.01895,3598.18089,119.35450,1328.78287,40.97866,48.02887,40.74466,49.98439,30.33267,1440.95459
9.89899,2.28863,1726.04349,49.50627,31.25888,1282.13848,40.99038,2285.82723,1.33464,495.13498,0.60456,2.40931,106.54356,1.13435,232.86201,46.64085,1836.20812,33.40081,0.65359,529.19817,0.68742,162.44622,1404.68070,28.18117,25.21938,27.31738,5.94185,57.16136,1.09331,1757.38908,0.62807,33.21283,36.57186,18.38631,39.80455,1451.90711,75.61635,2.67226,215.94379,0.53407,2389.39012,0.92620,3383.82231,0.98761,0.74125,0.53511,45.68096,42.06729,5.23297,23.17342,1.48248,43.19595,3618.88446,119.60261,1329.41767,40.99882,47.92133,40.65547,49.88126,30.30719,1441.96937
10.10101,2.29240,1727.53635,49.43132,31.25924,1282.62582,40.99439,2290.72448,1.33276,500.65745,0.60073,2.41533,105.95076,1.13233,234.06281,46.65068,1839.51909,33.40159,0.65358,531.99930,0.68733,162.31195,1405.60479,28.17785,25.19893,27.31574,5.95756,56.99745,1.09296,1759.31835,0.62805,33.21359,36.57368,18.32770,39.80783,1452.76588,75.74258,2.66949,219.06474,0.53297,2393.62791,0.92611,3397.54722,0.98580,0.74114,0.53505,45.68985,42.07860,5.24702,23.16760,1.49657,42.43121,3638.36028,119.85745,1329.96799,41.01707,47.82242,40.57781,49.77956,30.28461,1442.86089
10.30303,2.29581,1728.85412,49.36403,31.25953,1283.04841,40.99785,2295.18959,1.33103,505.97989,0.59723,2.42121,105.39405,1.13039,235.22109,46.65930,1842.52399,33.40224,0.65357,534.72147,0.68725,162.17426,1406.41793,28.17481,25.18072,27.31424,5.97261,56.84127,1.09265,1761.04922,0.62803,33.21423,36.57522,18.27277,39.81063,1453.51837,75.85914,2.66662,222.18499,0.53193,2397.44874,0.92603,3410.27802,0.98405,0.74103,0.53501,45.69764,42.08899,5.26019,23.16255,1.51025,41.72093,3656.67918,120.11747,1330.44495,41.03359,47.73148,40.51019,49.67943,30.26458,1443.64396
10.50505,2.29890,1730.01687,49.30360,31.25977,1283.41476,41.00083,2299.26008,1.32944,511.10747,0.59401,2.42693,104.87142,1.12853,236.33713,46.66685,1845.25106,33.40279,0.65356,537.36565,0.68718,162.03288,1407.13313,28.17206,25.16450,27.31287,5.98703,56.69240,1.09239,1762.60344,0.62801,33.21476,36.57652,18.22120,39.81304,1454.17755,75.96676,2.66365,225.30209,0.53094,2400.89229,0.92596,3422.08381,0.98236,0.74094,0.53497,45.70445,42.09855,5.27255,23.15817,1.52352,41.06150,3673.90817,120.38124,1330.85820,41.04854,47.64790,40.45132,49.58099,30.24682,1444.33162
10.70707,2.30170,1731.04248,49.24934,31.25997,1283.73230,41.00340,2302.97029,1.32798,516.04541,0.59107,2.43250,104.38095,1.12675,237.41134,46.67348,1847.72598,33.40324,0.65356,539.93293,0.68712,161.88770,1407.76193,28.16956,25.15007,27.31162,6.00084,56.55046,1.09216,1764.00040,0.62800,33.21520,36.57763,18.17272,39.81510,1454.75485,76.06612,2.66061,228.41355,0.53000,2403.99468,0.92589,3433.02929,0.98071,0.74086,0.53493,45.71041,42.10738,5.28413,23.15438,1.53635,40.44950,3690.11064,120.64743,1331.21614,41.06207,47.57109,40.40007,49.48432,30.23107,1444.93538
10.90909,2.30423,1731.94681,49.20061,31.26013,1284.00747,41.00561,2306.35167,1.32663,520.79892,0.58836,2.43789,103.92081,1.12504,238.44428,46.67928,1849.97208,33.40362,0.65355,542.42447,0.68706,161.73868,1408.31453,28.16729,25.13722,27.31049,6.01407,56.41507,1.09196,1765.25737,0.62799,33.21557,36.57857,18.12707,39.81687,1455.26034,76.15787,2.65750,231.51684,0.52910,2406.78872,0.92583,3443.17491,0.97910,0.74079,0.53490,45.71563,42.11555,5.29498,23.15111,1.54872,39.88171,3705.34646,120.91480,1331.52610,41.07432,47.50053,40.35544,49.38950,30.21709,1445.46538
11.11111,2.30652,1732.74393,49.15683,31.26026,1284.24588,41.00752,2309.43298,1.32537,525.37322,0.58587,2.44311,103.48924,1.12342,239.43663,46.68437,1852.01054,33.40394,0.65354,544.84152,0.68702,161.58587,1408.79997,28.16524,25.12579,27.30946,6.02674,56.28592,1.09179,1766.38969,0.62798,33.21588,36.57936,18.08402,39.81838,1455.70284,76.24259,2.65435,234.60941,0.52824,2409.30420,0.92578,3452.57721,0.97755,0.74073,0.53488,45.72020,42.12314,5.30515,23.14827,1.56062,39.35507,3719.67222,121.18222,1331.79445,41.08542,47.43572,40.31659,49.29658,30.20468,1445.93055
11.31313,2.30859,1733.44631,49.11750,31.26037,1284.45241,41.00916,2312.24054,1.32421,529.77352,0.58358,2.44814,103.08454,1.12186,240.38917,46.68884,1853.86060,33.40421,0.65354,547.18537,0.68698,161.42937,1409.22622,28.16339,25.11562,27.30852,6.03888,56.16268,1.09163,1767.41102,0.62798,33.21614,36.58003,18.04337,39.81968,1456.09013,76.32081,2.65116,237.68872,0.52743,2411.56815,0.92572,3461.28893,0.97604,0.74067,0.53485,45.72420,42.13021,5.31468,23.14582,1.57205,38.86672,3733.14134,121.44868,1332.02670,41.09547,47.37621,40.28276,49.20561,30.19366,1446.33876
11.51515,2.31045,1734.06504,49.08216,31.26046,1284.63129,41.01057,2314.79838,1.32314,534.00498,0.58147,2.45300,102.70512,1.12037,241.30278,46.69275,1855.53974,33.40444,0.65354,549.45738,0.68694,161.26937,1409.60033,28.16172,25.10658,27.30767,6.05050,56.04508,1.09150,1768.33349,0.62797,33.21635,36.58060,18.00494,39.82079,1456.42902,76.39303,2.64794,240.75229,0.52664,2413.60507,0.92568,3469.35931,0.97457,0.74062,0.53483,45.72770,42.13681,5.32360,23.14370,1.58301,38.41396,3745.80423,121.71324,1332.22768,41.10458,47.32157,40.25331,49.11662,30.18388,1446.69693
11.71717,2.31214,1734.60983,49.05040,31.26054,1284.78616,41.01179,2317.12845,1.32214,538.07276,0.57952,2.45767,102.34946,1.11895,242.17839,46.69618,1857.06375,33.40463,0.65353,551.65897,0.68691,161.10609,1409.92849,28.16022,25.09853,27.30691,6.06164,55.93285,1.09138,1769.16780,0.62797,33.21653,36.58109,17.96856,39.82175,1456.72547,76.45971,2.64471,243.79765,0.52590,2415.43710,0.92563,3476.83425,0.97315,0.74057,0.53481,45.73076,42.14298,5.33196,23.14188,1.59348,37.99427,3757.70845,121.97506,1332.40151,41.11283,47.27142,40.22766,49.02963,30.17519,1447.01109
11.91919,2.31365,1735.08948,49.02185,31.26060,1284.92026,41.01285,2319.25089,1.32121,541.98192,0.57772,2.46216,102.01611,1.11759,243.01699,46.69919,1858.44710,33.40479,0.65353,553.79156,0.68688,160.93979,1410.21627,28.15887,25.09138,27.30621,6.07230,55.82574,1.09128,1769.92363,0.62796,33.21668,36.58150,17.93408,39.82256,1456.98480,76.52129,2.64147,246.82245,0.52518,2417.08447,0.92559,3483.75658,0.97177,0.74053,0.53480,45.73344,42.14876,5.33979,23.14030,1.60348,37.60528,3768.89887,122.23341,1332.55187,41.12030,47.22540,40.20531,48.94466,30.16747,1447.28668
12.12121,2.31503,1735.51148,48.99618,31.26065,1285.03626,41.01375,2321.18390,1.32034,545.73751,0.57606,2.46647,101.70370,1.11630,243.81964,46.70183,1859.70270,33.40492,0.65353,555.85664,0.68686,160.77077,1410.46841,28.15765,25.08502,27.30558,6.08251,55.72351,1.09119,1770.60929,0.62796,33.21680,36.58184,17.90136,39.82326,1457.21148,76.57814,2.63825,249.82436,0.52450,2418.56519,0.92556,3490.16608,0.97043,0.74049,0.53478,45.73579,42.15420,5.34712,23.13894,1.61300,37.24478,3779.41772,122.48762,1332.68180,41.12708,47.18317,40.18586,48.86170,30.16061,1447.52827
12.32323,2.31626,1735.88285,48.97310,31.26069,1285.13670,41.01453,2322.94441,1.31953,549.34446,0.57452,2.47060,101.41095,1.11506,244.58738,46.70414,1860.84258,33.40503,0.65352,557.85568,0.68684,160.59935,1410.68934,28.15656,25.07936,27.30502,6.09229,55.62595,1.09111,1771.23255,0.62796,33.21691,36.58214,17.87029,39.82386,1457.40975,76.63063,2.63503,252.80121,0.52384,2419.89595,0.92552,3496.09997,0.96913,0.74046,0.53477,45.73784,42.15931,5.35399,23.13777,1.62206,36.91071,3789.30493,122.73715,1332.79419,41.13322,47.14442,40.16890,48.78077,30.15451,1447.74019
12.52525,2.31738,1736.20946,48.95234,31.26073,1285.22360,41.01520,2324.54759,1.31877,552.80766,0.57310,2.47455,101.13663,1.11389,245.32132,46.70617,1861.87737,33.40513,0.65352,559.79020,0.68682,160.42586,1410.88275,28.15558,25.07433,27.30450,6.10166,55.53284,1.09104,1771.79994,0.62795,33.21699,36.58239,17.84075,39.82437,1457.58305,76.67909,2.63184,255.75090,0.52321,2421.09150,0.92549,3501.59270,0.96787,0.74043,0.53476,45.73964,42.16413,5.36041,23.13676,1.63067,36.60113,3798.59800,122.98147,1332.89130,41.13878,47.10888,40.15412,48.70185,30.14909,1447.92596
12.72727,2.31838,1736.49672,48.93367,31.26076,1285.29881,41.01578,2326.00748,1.31806,556.13190,0.57178,2.47833,100.87959,1.11276,246.02257,46.70794,1862.81689,33.40521,0.65352,561.66171,0.68680,160.25064,1411.05203,28.15470,25.06986,27.30404,6.11063,55.44400,1.09098,1772.31750,0.62795,33.21707,36.58260,17.81264,39.82481,1457.73457,76.72384,2.62868,258.67147,0.52261,2422.16540,0.92546,3506.67645,0.96665,0.74040,0.53475,45.74121,42.16869,5.36642,23.13589,1.63882,36.31425,3807.33232,123.22019,1332.97526,41.14382,47.07628,40.14124,48.62494,30.14427,1448.08886
12.92929,2.31929,1736.74938,48.91686,31.26078,1285.36396,41.01628,2327.33686,1.31740,559.32190,0.57056,2.48193,100.63875,1.11169,246.69224,46.70950,1863.67004,33.40527,0.65352,563.47173,0.68679,160.07404,1411.20018,28.15392,25.06588,27.30362,6.11921,55.35923,1.09092,1772.79055,0.62795,33.21713,36.58278,17.78586,39.82519,1457.86708,76.76516,2.62555,261.56106,0.52203,2423.12985,0.92544,3511.38112,0.96546,0.74037,0.53474,45.74259,42.17300,5.37205,23.13514,1.64655,36.04841,3815.54123,123.45296,1333.04789,41.14840,47.04639,40.12999,48.55002,30.13997,1448.23175
13.13131,2.32011,1736.97146,48.90173,31.26080,1285.42032,41.01672,2328.54723,1.31678,562.38227,0.56942,2.48537,100.41309,1.11068,247.33145,46.71087,1864.44474,33.40533,0.65352,565.22179,0.68678,159.89641,1411.32969,28.15322,25.06234,27.30324,6.12743,55.27836,1.09088,1773.22365,0.62795,33.21718,36.58293,17.76034,39.82552,1457.98289,76.80331,2.62246,264.41793,0.52148,2423.99572,0.92541,3515.73441,0.96431,0.74035,0.53473,45.74380,42.17708,5.37732,23.13450,1.65385,35.80204,3823.25606,123.67947,1333.11065,41.15254,47.01897,40.12017,48.47709,30.13615,1448.35701
13.33333,2.32084,1737.16675,48.88811,31.26082,1285.46915,41.01709,2329.64932,1.31619,565.31752,0.56836,2.48865,100.20164,1.10971,247.94132,46.71207,1865.14835,33.40538,0.65352,566.91338,0.68677,159.71809,1411.44293,28.15259,25.05919,27.30290,6.13530,55.20122,1.09083,1773.62104,0.62795,33.21722,36.58306,17.73600,39.82579,1458.08418,76.83854,2.61942,267.24051,0.52095,2424.77304,0.92539,3519.76222,0.96320,0.74033,0.53472,45.74486,42.18095,5.38225,23.13395,1.66075,35.57370,3830.50639,123.89950,1333.16495,41.15631,46.99383,40.11159,48.40611,30.13275,1448.46689
13.53535,2.32151,1737.33835,48.87584,31.26083,1285.51140,41.01741,2330.65264,1.31564,568.13209,0.56737,2.49177,100.00351,1.10879,248.52295,46.71312,1865.78738,33.40542,0.65352,568.54803,0.68676,159.53942,1411.54182,28.15202,25.05639,27.30260,6.14283,55.12765,1.09080,1773.98629,0.62795,33.21726,36.58317,17.71277,39.82603,1458.17269,76.87107,2.61642,270.02732,0.52044,2425.47060,0.92537,3523.48839,0.96213,0.74032,0.53472,45.74578,42.18463,5.38686,23.13347,1.66725,35.36205,3837.31995,124.11286,1333.21187,41.15972,46.97079,40.10410,48.33707,30.12971,1448.56321
13.73737,2.32210,1737.48915,48.86479,31.26084,1285.54797,41.01769,2331.56609,1.31513,570.83028,0.56646,2.49474,99.81784,1.10791,249.07742,46.71404,1866.36785,33.40545,0.65352,570.12722,0.68675,159.36072,1411.62817,28.15152,25.05390,27.30232,6.15003,55.05749,1.09076,1774.32271,0.62795,33.21729,36.58326,17.69058,39.82624,1458.25005,76.90110,2.61348,272.77703,0.51996,2426.09653,0.92535,3526.93526,0.96109,0.74030,0.53471,45.74659,42.18812,5.39118,23.13306,1.67339,35.16584,3843.72295,124.31944,1333.25244,41.16281,46.94966,40.09754,48.26993,30.12701,1448.64767
13.93939,2.32264,1737.62159,48.85484,31.26085,1285.57961,41.01793,2332.39761,1.31464,573.41633,0.56560,2.49756,99.64384,1.10707,249.60583,46.71485,1866.89510,33.40548,0.65351,571.65244,0.68674,159.18231,1411.70347,28.15107,25.05168,27.30207,6.15692,54.99061,1.09073,1774.63311,0.62794,33.21731,36.58334,17.66938,39.82641,1458.31764,76.92883,2.61060,275.48842,0.51949,2426.65799,0.92533,3530.12338,0.96008,0.74029,0.53471,45.74730,42.19144,5.39522,23.13271,1.67916,34.98391,3849.73995,124.51914,1333.28748,41.16562,46.93029,40.09182,48.20468,30.12461,1448.72170
14.14141,2.32313,1737.73790,48.84587,31.26086,1285.60697,41.01814,2333.15455,1.31418,575.89432,0.56480,2.50024,99.48076,1.10628,250.10921,46.71556,1867.37410,33.40551,0.65351,573.12514,0.68673,159.00450,1411.76910,28.15067,25.04971,27.30184,6.16351,54.92685,1.09071,1774.92008,0.62794,33.21733,36.58341,17.64911,39.82656,1458.37669,76.95444,2.60777,278.16043,0.51904,2427.16156,0.92532,3533.07197,0.95910,0.74027,0.53470,45.74793,42.19460,5.39900,23.13241,1.68459,34.81520,3855.39414,124.71193,1333.31775,41.16816,46.91254,40.08681,48.14129,30.12246,1448.78658
14.34343,2.32357,1737.84002,48.83778,31.26087,1285.63063,41.01831,2333.84354,1.31375,578.26826,0.56405,2.50279,99.32790,1.10553,250.58860,46.71619,1867.80928,33.40553,0.65351,574.54677,0.68673,158.82755,1411.82627,28.15031,25.04795,27.30164,6.16981,54.86609,1.09068,1775.18589,0.62794,33.21735,36.58346,17.62972,39.82669,1458.42825,76.97808,2.60500,280.79211,0.51861,2427.61310,0.92530,3535.79877,0.95816,0.74026,0.53470,45.74847,42.19761,5.40253,23.13215,1.68969,34.65871,3860.70728,124.89778,1333.34389,41.17047,46.89627,40.08242,48.07971,30.12055,1448.84343
14.54545,2.32396,1737.92966,48.83049,31.26087,1285.65108,41.01847,2334.47067,1.31335,580.54203,0.56336,2.50520,99.18461,1.10481,251.04501,46.71673,1868.20467,33.40555,0.65351,575.91877,0.68672,158.65175,1411.87601,28.14999,25.04639,27.30146,6.17584,54.80820,1.09066,1775.43256,0.62794,33.21737,36.58351,17.61118,39.82680,1458.47328,76.99990,2.60230,283.38263,0.51820,2428.01791,0.92529,3538.32025,0.95724,0.74025,0.53469,45.74895,42.20048,5.40584,23.13193,1.69448,34.51352,3865.69985,125.07672,1333.36646,41.17257,46.88136,40.07858,48.01993,30.11885,1448.89325
14.74747,2.32432,1738.00834,48.82392,31.26088,1285.66878,41.01860,2335.04149,1.31296,582.71943,0.56270,2.50749,99.05027,1.10413,251.47940,46.71721,1868.56397,33.40557,0.65351,577.24253,0.68672,158.47734,1411.91927,28.14970,25.04499,27.30129,6.18159,54.75305,1.09064,1775.66192,0.62794,33.21738,36.58355,17.59342,39.82690,1458.51262,77.02006,2.59965,285.93127,0.51780,2428.38078,0.92527,3540.65172,0.95636,0.74024,0.53469,45.74937,42.20322,5.40893,23.13174,1.69897,34.37879,3870.39113,125.24880,1333.38596,41.17447,46.86769,40.07521,47.96190,30.11733,1448.93692
14.94949,2.32464,1738.07738,48.81799,31.26088,1285.68407,41.01872,2335.56101,1.31260,584.80412,0.56209,2.50966,98.92431,1.10348,251.89273,46.71763,1868.89046,33.40558,0.65351,578.51944,0.68671,158.30454,1411.95685,28.14945,25.04375,27.30114,6.18710,54.70051,1.09062,1775.87553,0.62794,33.21739,36.58358,17.57642,39.82698,1458.54696,77.03867,2.59707,288.43745,0.51742,2428.70596,0.92526,3542.80731,0.95550,0.74024,0.53469,45.74973,42.20584,5.41183,23.13158,1.70319,34.25373,3874.79922,125.41410,1333.40279,41.17619,46.85517,40.07226,47.90560,30.11597,1448.97517
15.15152,2.32493,1738.13798,48.81264,31.26088,1285.69731,41.01882,2336.03388,1.31226,586.79966,0.56152,2.51171,98.80619,1.10287,252.28593,46.71800,1869.18722,33.40559,0.65351,579.75085,0.68671,158.13358,1411.98949,28.14922,25.04264,27.30101,6.19235,54.65049,1.09061,1776.07489,0.62794,33.21740,36.58361,17.56014,39.82705,1458.57696,77.05585,2.59456,290.90067,0.51705,2428.99739,0.92525,3544.80020,0.95468,0.74023,0.53468,45.75005,42.20833,5.41453,23.13144,1.70714,34.13761,3878.94119,125.57272,1333.41734,41.17776,46.84370,40.06966,47.85099,30.11476,1449.00871
15.35354,2.32519,1738.19113,48.80781,31.26089,1285.70875,41.01890,2336.46422,1.31193,588.70951,0.56098,2.51366,98.69541,1.10228,252.65988,46.71832,1869.45693,33.40560,0.65351,580.93811,0.68671,157.96465,1412.01779,28.14902,25.04165,27.30088,6.19737,54.60286,1.09060,1776.26122,0.62794,33.21741,36.58364,17.54454,39.82711,1458.60316,77.07172,2.59211,293.32055,0.51670,2429.25845,0.92524,3546.64250,0.95388,0.74022,0.53468,45.75034,42.21072,5.41707,23.13132,1.71084,34.02976,3882.83302,125.72477,1333.42991,41.17918,46.83318,40.06738,47.79803,30.11368,1449.03809
15.55556,2.32542,1738.23777,48.80345,31.26089,1285.71866,41.01897,2336.85590,1.31163,590.53702,0.56047,2.51550,98.59150,1.10173,253.01544,46.71861,1869.70212,33.40561,0.65351,582.08251,0.68670,157.79792,1412.04233,28.14884,25.04077,27.30077,6.20217,54.55752,1.09058,1776.43570,0.62794,33.21741,36.58366,17.52959,39.82716,1458.62604,77.08637,2.58972,295.69681,0.51637,2429.49234,0.92523,3548.34553,0.95310,0.74022,0.53468,45.75058,42.21300,5.41943,23.13122,1.71431,33.92957,3886.48982,125.87039,1333.44077,41.18047,46.82355,40.06537,47.74668,30.11272,1449.06386
15.75758,2.32563,1738.27868,48.79951,31.26089,1285.72723,41.01904,2337.21235,1.31134,592.28543,0.56000,2.51724,98.49401,1.10120,253.35345,46.71886,1869.92502,33.40562,0.65351,583.18535,0.68670,157.63355,1412.06356,28.14868,25.03998,27.30068,6.20674,54.51438,1.09057,1776.59933,0.62794,33.21742,36.58368,17.51526,39.82720,1458.64602,77.09989,2.58740,298.02924,0.51604,2429.70182,0.92522,3549.91969,0.95236,0.74021,0.53468,45.75080,42.21518,5.42165,23.13113,1.71755,33.83645,3889.92572,126.00971,1333.45016,41.18164,46.81472,40.06360,47.69692,30.11186,1449.08644
15.95960,2.32583,1738.31457,48.79595,31.26089,1285.73464,41.01909,2337.53675,1.31106,593.95787,0.55955,2.51888,98.40253,1.10070,253.67471,46.71908,1870.12766,33.40562,0.65351,584.24789,0.68670,157.47169,1412.08192,28.14853,25.03928,27.30059,6.21111,54.47332,1.09056,1776.75301,0.62794,33.21742,36.58369,17.50152,39.82724,1458.66347,77.11238,2.58514,300.31775,0.51573,2429.88941,0.92522,3551.37468,0.95164,0.74021,0.53467,45.75099,42.21726,5.42372,23.13105,1.72059,33.74987,3893.15404,126.14290,1333.45827,41.18270,46.80663,40.06205,47.64870,30.11109,1449.10623
16.16162,2.32600,1738.34603,48.79273,31.26089,1285.74104,41.01914,2337.83196,1.31080,595.55738,0.55913,2.52044,98.31668,1.10023,253.98000,46.71927,1870.31192,33.40563,0.65351,585.27136,0.68669,157.31245,1412.09777,28.14840,25.03865,27.30051,6.21528,54.43426,1.09055,1776.89757,0.62794,33.21742,36.58370,17.48835,39.82727,1458.67871,77.12391,2.58294,302.56230,0.51543,2430.05739,0.92521,3552.71945,0.95094,0.74020,0.53467,45.75115,42.21926,5.42566,23.13099,1.72343,33.66936,3896.18731,126.27012,1333.46527,41.18366,46.79922,40.06067,47.60198,30.11040,1449.12357
16.36364,2.32615,1738.37361,48.78983,31.26089,1285.74658,41.01918,2338.10061,1.31055,597.08690,0.55873,2.52191,98.23609,1.09978,254.27005,46.71944,1870.47945,33.40564,0.65351,586.25696,0.68669,157.15596,1412.11143,28.14829,25.03808,27.30043,6.21926,54.39710,1.09054,1777.03373,0.62794,33.21743,36.58371,17.47572,39.82730,1458.69200,77.13456,2.58081,304.76294,0.51515,2430.20776,0.92520,3553.96227,0.95026,0.74020,0.53467,45.75130,42.22117,5.42747,23.13093,1.72609,33.59445,3899.03726,126.39155,1333.47132,41.18454,46.79243,40.05945,47.55673,30.10979,1449.13877
16.56566,2.32630,1738.39779,48.78720,31.26089,1285.75137,41.01922,2338.34509,1.31032,598.54926,0.55836,2.52329,98.16044,1.09935,254.54558,46.71958,1870.63181,33.40564,0.65351,587.20588,0.68669,157.00229,1412.12319,28.14818,25.03758,27.30037,6.22305,54.36177,1.09054,1777.16216,0.62794,33.21743,36.58372,17.46361,39.82733,1458.70361,77.14439,2.57873,306.91978,0.51487,2430.34237,0.92520,3555.11084,0.94961,0.74019,0.53467,45.75143,42.22300,5.42916,23.13089,1.72857,33.52472,3901.71499,126.50736,1333.47654,41.18533,46.78621,40.05838,47.51291,30.10925,1449.15209
16.76768,2.32642,1738.41897,48.78482,31.26090,1285.75550,41.01925,2338.56755,1.31010,599.94719,0.55801,2.52460,98.08940,1.09895,254.80728,46.71971,1870.77035,33.40564,0.65351,588.11929,0.68669,156.85154,1412.13329,28.14809,25.03713,27.30031,6.22666,54.32817,1.09053,1777.28345,0.62794,33.21743,36.58373,17.45199,39.82735,1458.71373,77.15347,2.57672,309.03301,0.51461,2430.46284,0.92519,3556.17222,0.94898,0.74019,0.53467,45.75154,42.22476,5.43075,23.13085,1.73090,33.45980,3904.23085,126.61774,1333.48105,41.18605,46.78051,40.05742,47.47048,30.10876,1449.16375
16.96970,2.32654,1738.43754,48.78267,31.26090,1285.75908,41.01928,2338.76999,1.30989,601.28334,0.55768,2.52584,98.02268,1.09857,255.05580,46.71983,1870.89637,33.40565,0.65351,588.99830,0.68669,156.70376,1412.14196,28.14801,25.03672,27.30025,6.23011,54.29622,1.09052,1777.39814,0.62794,33.21743,36.58374,17.44084,39.82736,1458.72258,77.16185,2.57477,311.10286,0.51436,2430.57066,0.92518,3557.15304,0.94837,0.74019,0.53466,45.75163,42.22644,5.43223,23.13082,1.73307,33.39933,3906.59464,126.72287,1333.48495,41.18671,46.77529,40.05658,47.42941,30.10832,1449.17398
17.17172,2.32664,1738.45381,48.78073,31.26090,1285.76217,41.01930,2338.95419,1.30969,602.56025,0.55737,2.52701,97.96001,1.09820,255.29178,46.71993,1871.01097,33.40565,0.65351,589.84402,0.68668,156.55901,1412.14938,28.14794,25.03636,27.30021,6.23339,54.26586,1.09052,1777.50670,0.62794,33.21744,36.58374,17.43015,39.82738,1458.73029,77.16959,2.57287,313.12963,0.51412,2430.66712,0.92518,3558.05932,0.94778,0.74019,0.53466,45.75172,42.22805,5.43362,23.13079,1.73510,33.34297,3908.81552,126.82294,1333.48831,41.18730,46.77050,40.05583,47.38965,30.10793,1449.18293
17.37374,2.32674,1738.46807,48.77897,31.26090,1285.76484,41.01932,2339.12182,1.30950,603.78037,0.55707,2.52811,97.90113,1.09786,255.51581,46.72001,1871.11523,33.40565,0.65351,590.65754,0.68668,156.41734,1412.15572,28.14787,25.03603,27.30016,6.23652,54.23700,1.09051,1777.60960,0.62794,33.21744,36.58375,17.41989,39.82739,1458.73702,77.17674,2.57103,315.11365,0.51388,2430.75343,0.92518,3558.89674,0.94722,0.74018,0.53466,45.75180,42.22959,5.43491,23.13076,1.73701,33.29043,3910.90214,126.91814,1333.49122,41.18784,46.76611,40.05516,47.35117,30.10758,1449.19079
17.57576,2.32682,1738.48054,48.77737,31.26090,1285.76715,41.01934,2339.27431,1.30932,604.94608,0.55679,2.52915,97.84580,1.09753,255.72848,46.72009,1871.21005,33.40565,0.65351,591.43991,0.68668,156.27877,1412.16112,28.14781,25.03574,27.30012,6.23950,54.20958,1.09051,1777.70721,0.62794,33.21744,36.58375,17.41005,39.82740,1458.74289,77.18333,2.56925,317.05531,0.51366,2430.83061,0.92517,3559.67044,0.94667,0.74018,0.53466,45.75186,42.23108,5.43613,23.13074,1.73878,33.24143,3912.86255,127.00866,1333.49372,41.18833,46.76209,40.05456,47.31394,30.10727,1449.19766
17.77778,2.32690,1738.49145,48.77593,31.26090,1285.76913,41.01935,2339.41304,1.30915,606.05965,0.55653,2.53013,97.79379,1.09722,255.93034,46.72016,1871.29628,33.40566,0.65351,592.19216,0.68668,156.14332,1412.16569,28.14776,25.03548,27.30009,6.24234,54.18352,1.09050,1777.79988,0.62794,33.21744,36.58375,17.40061,39.82741,1458.74800,77.18942,2.56752,318.95505,0.51345,2430.89961,0.92517,3560.38523,0.94614,0.74018,0.53466,45.75192,42.23250,5.43726,23.13072,1.74044,33.19571,3914.70438,127.09467,1333.49589,41.18878,46.75841,40.05403,47.27791,30.10700,1449.20368
17.97980,2.32697,1738.50101,48.77462,31.26090,1285.77085,41.01936,2339.53927,1.30899,607.12328,0.55628,2.53105,97.74491,1.09692,256.12192,46.72022,1871.37473,33.40566,0.65351,592.91529,0.68668,156.01100,1412.16957,28.14771,25.03524,27.30005,6.24504,54.15877,1.09050,1777.88798,0.62794,33.21744,36.58376,17.39155,39.82742,1458.75246,77.19505,2.56585,320.81331,0.51324,2430.96131,0.92516,3561.04561,0.94562,0.74018,0.53466,45.75197,42.23386,5.43832,23.13071,1.74200,33.15303,3916.43482,127.17637,1333.49775,41.18918,46.75504,40.05355,47.24306,30.10675,1449.20895
18.18182,2.32703,1738.50938,48.77343,31.26090,1285.77234,41.01938,2339.65413,1.30883,608.13907,0.55604,2.53193,97.69893,1.09664,256.30372,46.72027,1871.44612,33.40566,0.65351,593.61027,0.68668,155.88181,1412.17285,28.14767,25.03503,27.30003,6.24762,54.13526,1.09049,1777.97180,0.62794,33.21744,36.58376,17.38285,39.82743,1458.75636,77.20024,2.56422,322.63059,0.51304,2431.01651,0.92516,3561.65574,0.94513,0.74018,0.53466,45.75201,42.23518,5.43931,23.13070,1.74345,33.11316,3918.06063,127.25392,1333.49937,41.18955,46.75195,40.05312,47.20934,30.10653,1449.21357
18.38384,2.32709,1738.51666,48.77236,31.26090,1285.77361,41.01939,2339.75854,1.30869,609.10906,0.55582,2.53275,97.65570,1.09638,256.47622,46.72031,1871.51099,33.40566,0.65351,594.27807,0.68668,155.75575,1412.17557,28.14763,25.03483,27.30000,6.25007,54.11293,1.09049,1778.05156,0.62794,33.21744,36.58376,17.37452,39.82743,1458.75973,77.20503,2.56265,324.40743,0.51285,2431.06574,0.92516,3562.21922,0.94465,0.74018,0.53466,45.75205,42.23643,5.44024,23.13069,1.74481,33.07592,3919.58795,127.32753,1333.50075,41.18988,46.74911,40.05274,47.17672,30.10633,1449.21759
18.58586,2.32714,1738.52303,48.77139,31.26090,1285.77470,41.01939,2339.85352,1.30855,610.03521,0.55561,2.53352,97.61504,1.09613,256.63989,46.72035,1871.57001,33.40566,0.65351,594.91961,0.68668,155.63281,1412.17785,28.14760,25.03466,27.29998,6.25240,54.09173,1.09048,1778.12757,0.62794,33.21744,36.58376,17.36651,39.82744,1458.76266,77.20946,2.56112,326.14436,0.51267,2431.10974,0.92515,3562.73974,0.94418,0.74017,0.53466,45.75209,42.23764,5.44111,23.13068,1.74609,33.04112,3921.02289,127.39734,1333.50194,41.19018,46.74652,40.05240,47.14517,30.10615,1449.22112
18.78788,2.32718,1738.52864,48.77050,31.26090,1285.77566,41.01940,2339.94001,1.30841,610.91939,0.55541,2.53425,97.57677,1.09589,256.79515,46.72039,1871.62377,33.40566,0.65351,595.53579,0.68667,155.51296,1412.17977,28.14757,25.03450,27.29995,6.25461,54.07159,1.09048,1778.20010,0.62794,33.21744,36.58376,17.35884,39.82744,1458.76524,77.21355,2.55965,327.84193,0.51250,2431.14915,0.92515,3563.22072,0.94374,0.74017,0.53465,45.75212,42.23881,5.44192,23.13067,1.74728,33.00855,3922.37112,127.46353,1333.50298,41.19046,46.74414,40.05209,47.11466,30.10599,1449.22422
18.98990,2.32723,1738.53353,48.76970,31.26090,1285.77648,41.01941,2340.01866,1.30829,611.76341,0.55522,2.53494,97.54076,1.09567,256.94244,46.72042,1871.67265,33.40566,0.65351,596.12750,0.68667,155.39617,1412.18134,28.14754,25.03436,27.29993,6.25672,54.05248,1.09048,1778.26930,0.62794,33.21744,36.58376,17.35147,39.82745,1458.76748,77.21732,2.55821,329.50075,0.51233,2431.18433,0.92515,3563.66493,0.94330,0.74017,0.53465,45.75214,42.23993,5.44267,23.13066,1.74839,32.97809,3923.63773,127.52627,1333.50387,41.19071,46.74195,40.05181,47.08515,30.10585,1449.22693
19.19192,2.32726,1738.53779,48.76897,31.26090,1285.77718,41.01941,2340.09017,1.30817,612.56900,0.55504,2.53559,97.50687,1.09545,257.08214,46.72045,1871.71710,33.40566,0.65351,596.69559,0.68667,155.28242,1412.18262,28.14752,25.03423,27.29992,6.25873,54.03433,1.09048,1778.33538,0.62794,33.21744,36.58377,17.34441,39.82745,1458.76942,77.22080,2.55683,331.12143,0.51217,2431.21572,0.92515,3564.07519,0.94288,0.74017,0.53465,45.75217,42.24100,5.44338,23.13066,1.74944,32.94958,3924.82765,127.58572,1333.50463,41.19094,46.73995,40.05155,47.05660,30.10573,1449.22930
19.39394,2.32730,1738.54154,48.76831,31.26090,1285.77779,41.01942,2340.15528,1.30805,613.33784,0.55487,2.53620,97.47496,1.09525,257.21464,46.72047,1871.75759,33.40567,0.65351,597.24089,0.68667,155.17167,1412.18368,28.14750,25.03411,27.29990,6.26063,54.01711,1.09047,1778.39856,0.62794,33.21744,36.58377,17.33763,39.82745,1458.77113,77.22402,2.55548,332.70456,0.51202,2431.24382,0.92515,3564.45424,0.94248,0.74017,0.53465,45.75219,42.24203,5.44405,23.13065,1.75042,32.92287,3925.94565,127.64201,1333.50530,41.19114,46.73812,40.05132,47.02900,30.10561,1449.23138
19.59596,2.32733,1738.54485,48.76771,31.26090,1285.77834,41.01942,2340.21459,1.30795,614.07150,0.55471,2.53678,97.44491,1.09506,257.34030,46.72049,1871.79450,33.40567,0.65351,597.76422,0.68667,155.06388,1412.18456,28.14748,25.03400,27.29989,6.26245,54.00076,1.09047,1778.45901,0.62794,33.21744,36.58377,17.33113,39.82745,1458.77264,77.22699,2.55418,334.25077,0.51187,2431.26903,0.92514,3564.80452,0.94209,0.74017,0.53465,45.75220,42.24303,5.44467,23.13065,1.75134,32.89784,3926.99615,127.69531,1333.50590,41.19133,46.73644,40.05111,47.00231,30.10551,1449.23323
19.79798,2.32736,1738.54774,48.76717,31.26090,1285.77880,41.01943,2340.26851,1.30784,614.77155,0.55456,2.53733,97.41660,1.09488,257.45947,46.72051,1871.82806,33.40567,0.65351,598.26637,0.68667,154.95900,1412.18525,28.14746,25.03390,27.29987,6.26417,53.98525,1.09047,1778.51684,0.62794,33.21744,36.58377,17.32489,39.82746,1458.77395,77.22973,2.55292,335.76072,0.51173,2431.29149,0.92514,3565.12796,0.94171,0.74017,0.53465,45.75222,42.24399,5.44525,23.13065,1.75220,32.87438,3927.98299,127.74577,1333.50640,41.19150,46.73489,40.05091,46.97649,30.10542,1449.23485
20.00000,2.32738,1738.55028,48.76667,31.26090,1285.77920,41.01943,2340.31760,1.30775,615.43945,0.55441,2.53784,97.38993,1.09470,257.57247,46.72053,1871.85862,33.40567,0.65351,598.74809,0.68667,154.85699,1412.18580,28.14744,25.03381,27.29986,6.26581,53.97052,1.09047,1778.57223,0.62794,33.21744,36.58377,17.31891,39.82746,1458.77509,77.23227,2.55170,337.23503,0.51159,2431.31160,0.92514,3565.42677,0.94134,0.74017,0.53465,45.75223,42.24491,5.44579,23.13064,1.75300,32.85237,3928.91018,127.79351,1333.50685,41.19165,46.73348,40.05074,46.95152,30.10534,1449.23627
